{"name":"8a04a91e-0cff-4bd3-9fb3-786f539386f2","id":"/providers/Microsoft.Flow/flows/8a04a91e-0cff-4bd3-9fb3-786f539386f2","type":"Microsoft.Flow/flows","properties":{"apiId":"/providers/Microsoft.PowerApps/apis/shared_logicflows","displayName":"Update Photo","definition":{"metadata":{"workflowEntityId":null,"processAdvisorMetadata":null,"flowChargedByPaygo":null,"flowclientsuspensionreason":"None","flowclientsuspensiontime":null,"flowclientsuspensionreasondetails":null,"creator":{"id":"79fab6da-c5a7-482a-99c4-7a05f2ac8b95","type":"User","tenantId":"c905c127-525f-47a9-83f1-bec014f6d613"},"provisioningMethod":"FromDefinition","failureAlertSubscription":true,"clientLastModifiedTime":"2024-04-01T03:06:03.7829756Z","connectionKeySavedTimeKey":"2024-04-01T03:06:03.7829756Z"},"$schema":"https://schema.management.azure.com/providers/Microsoft.Logic/schemas/2016-06-01/workflowdefinition.json#","contentVersion":"1.0.0.0","parameters":{"$authentication":{"defaultValue":{},"type":"SecureObject"},"$connections":{"defaultValue":{},"type":"Object"}},"triggers":{"manual":{"metadata":{"operationMetadataId":"988043c8-b313-46b8-84d8-3418e2b40082"},"type":"Request","kind":"Button","inputs":{"schema":{"type":"object","properties":{"text":{"title":"Email","type":"string","x-ms-dynamically-added":true,"description":"Please enter your input","x-ms-content-hint":"TEXT"}},"required":["text"]}}}},"actions":{"List_rows":{"runAfter":{},"metadata":{"operationMetadataId":"5183b995-dfc6-478c-9a43-aeba2a094aea"},"type":"OpenApiConnection","inputs":{"parameters":{"entityName":"systemusers","$filter":"domainname eq '@{triggerBody()['text']}'"},"host":{"apiId":"/providers/Microsoft.PowerApps/apis/shared_commondataserviceforapps","connectionName":"shared_commondataserviceforapps","operationId":"ListRecords"},"authentication":"@parameters('$authentication')"}},"Apply_to_each":{"foreach":"@outputs('List_rows')?['body/value']","actions":{"Update_a_row":{"metadata":{"operationMetadataId":"64ed127e-0509-4d79-abb7-6477335b656f"},"type":"OpenApiConnection","inputs":{"parameters":{"entityName":"systemusers","recordId":"@items('Apply_to_each')?['systemuserid']","item/entityimage":"@{body('Get_user_photo_(V2)')?['$content']}"},"host":{"apiId":"/providers/Microsoft.PowerApps/apis/shared_commondataserviceforapps","connectionName":"shared_commondataserviceforapps","operationId":"UpdateRecord"},"authentication":"@parameters('$authentication')"}}},"runAfter":{"Get_user_photo_(V2)":["Succeeded"]},"metadata":{"operationMetadataId":"4b0ac435-97d5-4e71-a505-b0fd3d6b1002"},"type":"Foreach"},"Get_user_photo_(V2)":{"runAfter":{"List_rows":["Succeeded"]},"metadata":{"operationMetadataId":"58d905cc-de6e-4432-b64d-f6868a2e1f91"},"type":"OpenApiConnection","inputs":{"parameters":{"id":"@triggerBody()['text']"},"host":{"apiId":"/providers/Microsoft.PowerApps/apis/shared_office365users","connectionName":"shared_office365users","operationId":"UserPhoto_V2"},"authentication":{"value":"@json(decodeBase64(triggerOutputs().headers['X-MS-APIM-Tokens']))['$ConnectionKey']","type":"Raw"}}}}},"connectionReferences":{"shared_commondataserviceforapps":{"connectionName":"shared-commondataser-171e0eda-c177-44e0-bf9b-f6e95ace273c","source":"Embedded","id":"/providers/Microsoft.PowerApps/apis/shared_commondataserviceforapps","tier":"NotSpecified"},"shared_office365users":{"connectionName":"shared-office365user-de84916b-9ecc-4947-adb4-3cda736f5010","source":"Invoker","id":"/providers/Microsoft.PowerApps/apis/shared_office365users","tier":"NotSpecified"}},"flowFailureAlertSubscribed":false,"isManaged":false}}